item_id,store_id,average_demand,demand_std,forecast_demand,safety_stock,lead_time_demand,reorder_point,recommended_inventory
FOODS_3_090,CA_3,222.88,48.54,6240.76,211.91,1560.19,1772.1,6452.67
FOODS_3_586,TX_2,112.19,19.15,3141.31,83.58,785.33,868.91,3224.9
FOODS_3_541,CA_3,104.9,38.16,2937.12,166.57,734.28,900.85,3103.69
FOODS_3_808,CA_3,93.73,41.71,2624.57,182.07,656.14,838.21,2806.64
FOODS_3_635,CA_3,91.72,32.19,2568.09,140.5,642.02,782.53,2708.6
FOODS_3_090,CA_1,86.75,21.76,2429.04,95.01,607.26,702.27,2524.05
FOODS_3_586,CA_3,79.94,14.07,2238.29,61.43,559.57,621.0,2299.71
FOODS_3_586,TX_3,81.11,13.47,2189.84,58.82,567.74,626.56,2248.67
FOODS_3_090,TX_2,72.2,15.04,2021.61,65.65,505.4,571.05,2087.26
FOODS_3_252,TX_2,71.36,16.18,1998.11,70.62,499.53,570.15,2068.73
FOODS_3_120,CA_1,65.11,19.75,1822.94,86.21,455.74,541.95,1909.16
FOODS_3_090,WI_3,64.7,13.66,1747.03,59.65,452.93,512.58,1806.68
FOODS_3_090,TX_3,63.45,12.09,1713.05,52.8,444.12,496.92,1765.85
FOODS_3_252,CA_1,58.44,17.08,1636.34,74.57,409.09,483.66,1710.92
FOODS_3_586,TX_1,59.72,8.79,1672.28,38.36,418.07,456.43,1710.64
FOODS_3_090,TX_1,58.93,12.6,1649.96,55.02,412.49,467.51,1704.98
FOODS_3_120,CA_3,57.07,14.17,1597.88,61.88,399.47,461.35,1659.76
FOODS_3_252,CA_3,54.0,15.07,1511.91,65.78,377.98,443.76,1577.7
FOODS_3_226,WI_3,57.01,8.79,1539.3,38.39,399.08,437.47,1577.69
FOODS_3_586,CA_1,52.57,12.46,1472.01,54.4,368.0,422.41,1526.41
FOODS_3_319,CA_3,51.53,19.12,1442.92,83.48,360.73,444.2,1526.39
FOODS_3_808,CA_1,50.52,12.12,1414.54,52.89,353.63,406.53,1467.43
FOODS_3_555,TX_2,48.09,10.15,1346.53,44.33,336.63,380.96,1390.86
FOODS_3_252,TX_3,49.54,10.25,1337.66,44.74,346.8,391.54,1382.41
FOODS_3_226,WI_2,47.5,7.54,1282.38,32.93,332.47,365.4,1315.31
FOODS_3_694,WI_3,47.51,6.5,1282.69,28.38,332.55,360.93,1311.07
FOODS_3_226,WI_1,46.4,8.23,1252.84,35.94,324.81,360.75,1288.79
FOODS_3_555,TX_1,43.56,6.8,1219.77,29.66,304.94,334.61,1249.44
FOODS_2_360,WI_2,43.41,16.99,1171.99,74.18,303.85,378.03,1246.18
FOODS_3_555,TX_3,43.33,8.25,1169.79,36.03,303.28,339.31,1205.81
FOODS_3_252,TX_1,41.88,7.56,1172.59,33.01,293.15,326.16,1205.6
FOODS_3_714,WI_3,41.78,7.73,1128.0,33.77,292.44,326.21,1161.77
FOODS_3_377,TX_2,37.87,6.87,1060.26,29.99,265.06,295.05,1090.24
FOODS_3_541,CA_1,35.88,13.29,1004.55,58.0,251.14,309.14,1062.55
FOODS_3_586,WI_3,37.53,9.73,1013.36,42.47,262.72,305.2,1055.83
FOODS_3_090,CA_4,36.1,7.96,1010.78,34.77,252.69,287.46,1045.54
FOODS_3_377,TX_3,37.13,5.99,1002.5,26.15,259.91,286.05,1028.65
FOODS_3_090,CA_2,35.36,8.33,989.94,36.37,247.49,283.86,1026.31
FOODS_3_376,CA_3,35.15,7.26,984.15,31.71,246.04,277.75,1015.86
FOODS_3_555,CA_3,34.98,6.6,979.42,28.81,244.86,273.67,1008.24
FOODS_3_202,CA_3,34.78,6.59,973.82,28.79,243.45,272.24,1002.61
FOODS_3_714,CA_3,33.57,8.98,939.9,39.19,234.98,274.17,979.09
FOODS_3_635,CA_1,33.42,9.59,935.71,41.86,233.93,275.79,977.57
FOODS_3_714,TX_1,33.55,7.02,939.53,30.63,234.88,265.51,970.16
FOODS_3_586,CA_2,33.12,8.88,927.3,38.78,231.83,270.61,966.08
FOODS_3_252,CA_2,33.08,8.74,926.29,38.14,231.57,269.71,964.43
FOODS_3_714,TX_2,32.39,7.93,906.97,34.61,226.74,261.36,941.59
FOODS_3_202,TX_2,31.99,5.96,895.58,26.0,223.9,249.9,921.58
FOODS_3_318,CA_3,31.34,8.07,877.53,35.24,219.38,254.62,912.76
FOODS_3_804,CA_3,31.24,6.37,874.76,27.81,218.69,246.5,902.57
FOODS_3_681,CA_3,31.2,4.89,873.61,21.35,218.4,239.75,894.96
FOODS_3_376,WI_2,32.35,4.42,873.35,19.29,226.42,245.71,892.63
FOODS_3_635,WI_3,30.99,12.1,836.61,52.84,216.9,269.74,889.46
FOODS_3_694,WI_2,31.68,4.53,855.3,19.78,221.75,241.53,875.08
FOODS_3_714,CA_1,29.53,8.57,826.83,37.42,206.71,244.13,864.25
FOODS_3_681,WI_3,30.16,11.38,814.33,49.67,211.12,260.8,864.0
FOODS_3_714,TX_3,30.74,6.14,829.94,26.8,215.17,241.97,856.74
FOODS_3_234,CA_3,27.88,9.84,780.53,42.96,195.13,238.09,823.49
FOODS_3_764,CA_3,28.62,4.99,801.47,21.79,200.37,222.15,823.26
FOODS_3_723,CA_3,28.35,5.41,793.81,23.62,198.45,222.07,817.43
FOODS_2_197,CA_3,28.09,5.74,786.39,25.05,196.6,221.64,811.44
FOODS_2_197,CA_1,27.38,7.39,766.7,32.27,191.68,223.95,798.97
FOODS_3_202,TX_1,27.5,5.86,770.0,25.56,192.5,218.06,795.56
FOODS_3_555,WI_3,28.09,6.51,758.43,28.4,196.63,225.03,786.84
FOODS_3_752,CA_3,26.75,8.27,749.01,36.1,187.25,223.35,785.1
FOODS_3_202,TX_3,27.76,5.94,749.59,25.91,194.34,220.25,775.51
FOODS_3_694,CA_3,26.73,5.2,748.46,22.69,187.11,209.8,771.14
FOODS_3_694,WI_1,27.38,4.73,739.36,20.65,191.68,212.33,760.0
FOODS_3_376,WI_3,26.86,7.76,725.17,33.89,188.01,221.89,759.05
FOODS_3_711,CA_3,25.59,7.59,716.59,33.12,179.15,212.27,749.71
FOODS_3_501,CA_3,25.56,3.77,715.77,16.48,178.94,195.42,732.25
FOODS_2_360,CA_3,24.63,6.13,689.63,26.78,172.41,199.18,716.41
FOODS_3_318,WI_3,25.54,5.2,689.6,22.71,178.79,201.49,712.31
FOODS_3_281,CA_3,24.18,4.5,677.01,19.66,169.25,188.91,696.66
FOODS_3_541,WI_3,24.14,9.76,651.69,42.6,168.96,211.56,694.29
FOODS_2_276,CA_3,23.84,4.57,667.43,19.93,166.86,186.79,687.37
FOODS_3_030,TX_2,23.44,6.19,656.28,27.04,164.07,191.11,683.32
FOODS_3_080,TX_2,23.52,3.44,658.65,15.01,164.66,179.68,673.66
FOODS_3_694,TX_1,23.44,3.78,656.32,16.52,164.08,180.6,672.84
FOODS_3_491,CA_3,23.27,3.95,651.43,17.24,162.86,180.09,668.67
HOUSEHOLD_1_118,CA_3,22.95,3.59,642.6,15.69,160.65,176.34,658.29
FOODS_3_030,TX_3,22.94,4.89,619.32,21.36,160.57,181.93,640.69
FOODS_3_080,CA_1,22.21,4.05,621.96,17.69,155.49,173.18,639.66
FOODS_3_099,TX_2,22.06,3.62,617.6,15.81,154.4,170.21,633.41
FOODS_3_080,CA_3,22.1,3.21,618.75,13.99,154.69,168.68,632.75
FOODS_1_218,TX_2,21.03,6.15,588.73,26.85,147.18,174.04,615.59
FOODS_2_244,CA_3,20.34,3.4,569.54,14.83,142.38,157.21,584.37
FOODS_2_360,TX_3,20.7,3.9,558.97,17.04,144.92,161.96,576.02
FOODS_3_723,WI_3,18.88,3.73,509.64,16.3,132.13,148.42,525.93
FOODS_3_234,WI_3,17.8,4.96,480.69,21.66,124.62,146.29,502.36
FOODS_3_007,WI_2,15.96,15.52,431.01,67.77,111.74,179.52,498.78
FOODS_3_252,WI_3,16.51,3.89,445.85,16.98,115.59,132.57,462.83
FOODS_2_360,WI_3,15.79,4.75,426.36,20.75,110.54,131.29,447.11
FOODS_3_752,WI_3,15.61,5.64,421.47,24.61,109.27,133.88,446.08
FOODS_3_547,WI_3,15.41,6.35,416.07,27.71,107.87,135.58,443.77
FOODS_3_498,WI_3,12.82,5.11,346.02,22.3,89.71,112.01,368.32
FOODS_3_741,CA_1,10.84,1.79,303.46,7.81,75.87,83.67,311.27
FOODS_3_587,CA_3,5.84,1.02,163.43,4.44,40.86,45.3,167.87
FOODS_3_587,CA_1,0.33,0.39,9.37,1.71,2.34,4.05,11.08
FOODS_3_587,WI_3,0.18,0.27,4.88,1.17,1.27,2.43,6.04
