item_id,store_id,date,actual,prediction
FOODS_3_090,CA_3,2013-06-18,145.0,132.64517276325762
FOODS_3_090,CA_3,2013-06-19,101.0,135.54915555679077
FOODS_3_090,CA_3,2013-06-20,189.0,146.89912685845673
FOODS_3_090,CA_3,2013-06-21,252.0,179.2264391562481
FOODS_3_090,CA_3,2013-06-22,227.0,225.20932033577523
FOODS_3_090,CA_3,2013-06-23,225.0,188.15843533628035
FOODS_3_090,CA_3,2013-06-24,131.0,162.20794952908705
FOODS_3_090,CA_3,2013-06-25,145.0,142.82373841684637
FOODS_3_090,CA_3,2013-06-26,169.0,146.01751072032488
FOODS_3_090,CA_3,2013-06-27,176.0,157.63735160416792
FOODS_3_090,CA_3,2013-06-28,231.0,190.21135386894497
FOODS_3_090,CA_3,2013-06-29,324.0,236.41361108190097
FOODS_3_090,CA_3,2013-06-30,202.0,199.54976852874788
FOODS_3_090,CA_3,2013-07-01,225.0,173.74812337584729
FOODS_3_090,CA_3,2013-07-02,203.0,154.46792077551135
FOODS_3_090,CA_3,2013-07-03,325.0,157.71361319140158
FOODS_3_090,CA_3,2013-07-04,294.0,169.32558789174507
FOODS_3_090,CA_3,2013-07-05,210.0,201.8240266072139
FOODS_3_090,CA_3,2013-07-06,214.0,247.8751655261418
FOODS_3_090,CA_3,2013-07-07,204.0,210.77714386851434
FOODS_3_090,CA_3,2013-07-08,115.0,184.65142315138525
FOODS_3_090,CA_3,2013-07-09,125.0,164.95141323498672
FOODS_3_090,CA_3,2013-07-10,207.0,167.6770607377682
FOODS_3_090,CA_3,2013-07-11,144.0,178.6658924191342
FOODS_3_090,CA_3,2013-07-12,202.0,210.43716492130102
FOODS_3_090,CA_3,2013-07-13,212.0,255.6583766279174
FOODS_3_090,CA_3,2013-07-14,173.0,217.63131810014778
FOODS_3_090,CA_3,2013-07-15,184.0,190.48363249823362
